scenario,dC.m,dC.lo,dC.hi,dQ.m,dQ.lo,dQ.hi
Base case,313414962.554012,204438895.887072,440750810.449347,4673.83319356663,1176.00601551119,12616.1607891718
"Targeted, group 1",-17292458.8852656,-75133891.6837958,25129942.3569954,455.019270125486,-294.755514665553,1483.65391928804
"Targeted, group 2",52581667.9891271,-7394094.23320742,105805888.19112,1092.24832699443,140.92819420774,3058.51713491773
