nm,m,lo,hi
TB deaths averted,73.1111865471408,-19.154959980075,346.627373164379
TB incidence averted,487.190889713383,-112.647084475789,2312.59529311841
TB incidence outside averted,269.25186432393,-68.9927010890138,1351.54294960967
TB treatments averted,360.132511247484,-81.9548295378995,1340.47639203533
cost averted/100K ,319.233209238895,-821.31706465108,1659.1831187846
