analysis,ICER,ICERr,NB,NBr,dC,dQ,dCr,dQr,NB.sd,NBr.sd,dC.sd,dQ.sd,dCr.sd,dQr.sd
Target group 1,-38003.7946096143,-91966.2256308644,30943036.9890301,24447060.7831584,-17292458.8852656,455.019270125486,-18433823.7603579,200.44123409335,-12275915.4460431,-22340486.3516912,26094291.0053671,460.612518644134,27707750.7096794,178.908811932941
Target group 2,48140.7631301369,106415.011399861,-19814218.1792942,-37413363.3324818,52581667.9891271,1092.24832699443,52101588.5831619,489.607508356005,-4038835.99052743,-20912225.9978669,28174588.1641748,804.525072454913,28270181.2158864,245.265173933984
