analysis,ICER,ICERr,NB,NBr,dC,dQ,dCr,dQr,NB.sd,NBr.sd,dC.sd,dQ.sd,dCr.sd,dQr.sd
Target group 1,-22127.9723522604,-141567.43444036,1884623402.57295,1133291902.80119,-800009911.468364,36153.7830368195,-935126340.700567,6605.51873668745,-101963721.031842,-1054035502.34728,1548063992.47868,48203.3423815613,1356004226.81805,10065.6241490258
Target group 2,43679.8831068312,90343.7808978126,-1095014466.17734,-1209467766.17318,3496382498.98722,80045.6010936625,1810756456.49638,20042.9563441065,-857609640.472465,-1648164190.24086,3537265002.73024,89321.8454085925,2132345062.92883,16139.3624229322
