analysis,ICER,ICERr,NB,NBr,dC,dQ,dCr,dQr,NB.sd,NBr.sd,dC.sd,dQ.sd,dCr.sd,dQr.sd
Target group 1,-33076.6703751592,-120545.726488216,25137364.4731181,23502551.5793478,-13181740.7899357,398.520789439414,-18819080.5580988,156.115700708299,-7780055.68592898,-16955613.4097067,19456727.405768,389.222390661299,23180728.2750219,207.503828843839
Target group 2,40589.4502098308,75765.7760937382,-10085677.1014643,-20924149.6199341,38658483.720172,952.426887290257,34640173.7361275,457.200803873115,84101.2382383645,-14701417.1362966,20658867.3603617,691.432286620004,23642614.6174748,298.039916039273
