analysis,ICER,ICERr,NB,NBr,dC,dQ,dCr,dQr,NB.sd,NBr.sd,dC.sd,dQ.sd,dCr.sd,dQr.sd
Target group 1,-636.106703493873,-8084.22468383378,18384277.8652505,10800325.2369531,-381718.294108377,600.085319038072,-2292609.51480187,283.590524071709,-10363840.5659394,-20937732.8336159,25418689.6876456,501.828304056873,26246737.4804686,176.966821561758
Target group 2,67546.8826572181,146825.393387669,-51530571.3598994,-72954010.6732977,92703553.8125397,1372.43274842134,91688125.3784483,624.470490171687,-1653074.03362156,-20193490.514963,30000832.1704618,944.925271228008,28329883.7810483,271.213108869511
